Index,PointerPosX,PointerPosY,PointerPosZ
0,0.3250137,1.52129,3.439824
1,0.4741558,1.346745,3.894257
