Index,PointerPosX,PointerPosY,PointerPosZ
0,0.3950221,1.454943,3.617983
1,0.2557044,1.434993,3.541238
2,0.22984,1.463082,3.492782
