Index,PointerPosX,PointerPosY,PointerPosZ
0,0.3151524,1.518252,3.433983
1,0.4809757,1.335377,3.911703
2,0.06037226,1.336477,3.338334
3,0.3151524,1.518252,3.433983
