Index,PointerPosX,PointerPosY,PointerPosZ
0,-0.9616857,2.207615,0.6281734
1,-0.9688644,1.328248,0.7830114
