Index,PointerPosX,PointerPosY,PointerPosZ
0,-2.398163,1.427919,1.268219
1,-2.400391,1.42027,1.269497
